execution_file,pattern_file,text_file,preprocess_time,running_time,used_memory,total_time
python,pattern/reg/1024.txt,text/dblp/dblp.xml.1MB,4962.990000000001,57.808818999999986,6768,0:00.19
run,pattern/ext/1024.txt,text/dblp/dblp.xml.1MB,33519,8624,17480,0:08.85
run_simd,pattern/ext/1024.txt,text/dblp/dblp.xml.1MB,21370,8322,17408,0:09.13
run,pattern/ext/1024.txt,text/dblp/dblp.xml.10MB,18936,82493,17464,1:22.51
run_simd,pattern/ext/1024.txt,text/dblp/dblp.xml.10MB,19073,82422,17460,1:22.44
run,pattern/ext/1024.txt,text/dblp/dblp.xml.20MB,22087,165174,17440,2:45.23
run_simd,pattern/ext/1024.txt,text/dblp/dblp.xml.20MB,19151,166600,17464,2:46.62
run,pattern/ext/1024.txt,text/dblp/dblp.xml.30MB,27489,246898,17468,4:06.93
run_simd,pattern/ext/1024.txt,text/dblp/dblp.xml.30MB,22305,247729,17484,4:07.82
run,pattern/ext/1024.txt,text/dblp/dblp.xml.40MB,20006,332069,17492,5:32.13
run_simd,pattern/ext/1024.txt,text/dblp/dblp.xml.40MB,23239,330519,17404,5:30.63
run,pattern/ext/1024.txt,text/dblp/dblp.xml.50MB,20479,414044,17488,6:54.10
run_simd,pattern/ext/1024.txt,text/dblp/dblp.xml.50MB,20547,451786,17460,7:31.84
run,pattern/ext/1024.txt,text/dblp/dblp.xml.60MB,22391,497843,17448,8:17.89
run_simd,pattern/ext/1024.txt,text/dblp/dblp.xml.60MB,22694,501602,17504,8:21.64
run,pattern/ext/1024.txt,text/dblp/dblp.xml.70MB,21807,573107,17444,9:33.17
run_simd,pattern/ext/1024.txt,text/dblp/dblp.xml.70MB,19735,586212,17496,9:46.28
run,pattern/ext/1024.txt,text/dblp/dblp.xml.80MB,22707,660109,17404,11:00.21
run_simd,pattern/ext/1024.txt,text/dblp/dblp.xml.80MB,28887,660296,17484,11:00.36
run,pattern/ext/1024.txt,text/dblp/dblp.xml.90MB,32223,752400,17464,12:32.50
run_simd,pattern/ext/1024.txt,text/dblp/dblp.xml.90MB,22885,742561,17452,12:22.63
run,pattern/ext/1024.txt,text/dblp/dblp.xml.100MB,22903,815925,17484,13:36.01
run_simd,pattern/ext/1024.txt,text/dblp/dblp.xml.100MB,26939,826529,17460,13:46.60
run,pattern/net/1024.txt,text/dblp/dblp.xml.1MB,2962,19093,2156,0:19.13
run_simd,pattern/net/1024.txt,text/dblp/dblp.xml.1MB,2241,19434,2136,0:19.45
run,pattern/net/1024.txt,text/dblp/dblp.xml.10MB,988,193207,2140,3:13.21
run_simd,pattern/net/1024.txt,text/dblp/dblp.xml.10MB,969,193596,2140,3:13.60
run,pattern/net/1024.txt,text/dblp/dblp.xml.20MB,1108,386111,2136,6:26.11
run_simd,pattern/net/1024.txt,text/dblp/dblp.xml.20MB,971,383948,2136,6:23.95
run,pattern/net/1024.txt,text/dblp/dblp.xml.30MB,1164,584368,2152,9:44.38
run_simd,pattern/net/1024.txt,text/dblp/dblp.xml.30MB,1082,577057,2136,9:37.09
run,pattern/net/1024.txt,text/dblp/dblp.xml.40MB,1167,765153,2140,12:45.20
run_simd,pattern/net/1024.txt,text/dblp/dblp.xml.40MB,1117,776413,2140,12:56.46
run,pattern/net/1024.txt,text/dblp/dblp.xml.50MB,1421,969283,2172,16:09.34
run_simd,pattern/net/1024.txt,text/dblp/dblp.xml.50MB,1433,963454,2144,16:03.49
run,pattern/net/1024.txt,text/dblp/dblp.xml.60MB,4368,1153876,2180,19:13.96
run_simd,pattern/net/1024.txt,text/dblp/dblp.xml.60MB,13539,1170922,2172,19:31.00
run,pattern/net/1024.txt,text/dblp/dblp.xml.70MB,1480,1355006,2168,22:35.04
run_simd,pattern/net/1024.txt,text/dblp/dblp.xml.70MB,1382,1348467,2152,22:28.52
run,pattern/net/1024.txt,text/dblp/dblp.xml.80MB,1102,1523658,2136,25:23.67
run_simd,pattern/net/1024.txt,text/dblp/dblp.xml.80MB,2994,1512687,2160,25:12.75
run,pattern/net/1024.txt,text/dblp/dblp.xml.90MB,10743,1744892,2176,29:04.96
run_simd,pattern/net/1024.txt,text/dblp/dblp.xml.90MB,1154,1734538,2160,28:54.58
run,pattern/net/1024.txt,text/dblp/dblp.xml.100MB,1609,1944878,2152,32:24.96
run_simd,pattern/net/1024.txt,text/dblp/dblp.xml.100MB,9822,1938952,2176,32:19.03
run,pattern/exnet/1024.txt,text/dblp/dblp.xml.1MB,20094,24344,3100,0:24.43
run_simd,pattern/exnet/1024.txt,text/dblp/dblp.xml.1MB,3035,24289,3088,0:24.30
run,pattern/exnet/1024.txt,text/dblp/dblp.xml.10MB,2640,248024,3108,4:08.03
run_simd,pattern/exnet/1024.txt,text/dblp/dblp.xml.10MB,4041,240329,3092,4:00.35
run,pattern/exnet/1024.txt,text/dblp/dblp.xml.20MB,4202,480191,3092,8:00.20
run_simd,pattern/exnet/1024.txt,text/dblp/dblp.xml.20MB,2674,490925,3092,8:10.93
run,pattern/exnet/1024.txt,text/dblp/dblp.xml.30MB,3025,727768,3104,12:07.80
run_simd,pattern/exnet/1024.txt,text/dblp/dblp.xml.30MB,4128,732806,3116,12:12.85
run,pattern/exnet/1024.txt,text/dblp/dblp.xml.40MB,3706,968545,3104,16:08.60
run_simd,pattern/exnet/1024.txt,text/dblp/dblp.xml.40MB,6570,959730,3340,15:59.79
run,pattern/exnet/1024.txt,text/dblp/dblp.xml.50MB,18736,1203830,3128,20:03.89
run_simd,pattern/exnet/1024.txt,text/dblp/dblp.xml.50MB,4168,1222834,3088,20:22.89
run,pattern/exnet/1024.txt,text/dblp/dblp.xml.60MB,8931,1448263,3316,24:08.31
run_simd,pattern/exnet/1024.txt,text/dblp/dblp.xml.60MB,3534,1476651,3052,24:36.69
run,pattern/exnet/1024.txt,text/dblp/dblp.xml.70MB,3166,1692721,3104,28:12.75
run_simd,pattern/exnet/1024.txt,text/dblp/dblp.xml.70MB,6714,1678778,3092,27:58.83
run,pattern/exnet/1024.txt,text/dblp/dblp.xml.80MB,7788,1935303,3100,32:15.37
run_simd,pattern/exnet/1024.txt,text/dblp/dblp.xml.80MB,3166,1926682,3104,32:06.72
run,pattern/exnet/1024.txt,text/dblp/dblp.xml.90MB,4343,2175572,3104,36:15.65
run_simd,pattern/exnet/1024.txt,text/dblp/dblp.xml.90MB,9366,2162898,3088,36:02.99
run,pattern/exnet/1024.txt,text/dblp/dblp.xml.100MB,11403,2404525,3100,40:04.63
run_simd,pattern/exnet/1024.txt,text/dblp/dblp.xml.100MB,18714,2405927,3300,40:06.04
run,pattern/reg/1024.txt,text/dblp/dblp.xml.1MB,15294,15804,3980,0:15.87
run_simd,pattern/reg/1024.txt,text/dblp/dblp.xml.1MB,6353,15897,3928,0:15.91
run,pattern/reg/1024.txt,text/dblp/dblp.xml.10MB,4148,157065,3932,2:37.07
run_simd,pattern/reg/1024.txt,text/dblp/dblp.xml.10MB,4197,158256,3952,2:38.26
run,pattern/reg/1024.txt,text/dblp/dblp.xml.20MB,4094,314419,3932,5:14.42
run_simd,pattern/reg/1024.txt,text/dblp/dblp.xml.20MB,4070,313909,3928,5:13.91
run,pattern/reg/1024.txt,text/dblp/dblp.xml.30MB,4079,475000,3928,7:55.01
run_simd,pattern/reg/1024.txt,text/dblp/dblp.xml.30MB,5193,476759,3984,7:56.82
run,pattern/reg/1024.txt,text/dblp/dblp.xml.40MB,6095,627781,4008,10:27.83
run_simd,pattern/reg/1024.txt,text/dblp/dblp.xml.40MB,5593,625257,3976,10:25.32
run,pattern/reg/1024.txt,text/dblp/dblp.xml.50MB,9162,771245,3972,12:51.28
run_simd,pattern/reg/1024.txt,text/dblp/dblp.xml.50MB,8707,787869,3932,13:07.94
run,pattern/reg/1024.txt,text/dblp/dblp.xml.60MB,5615,969149,3964,16:09.23
run_simd,pattern/reg/1024.txt,text/dblp/dblp.xml.60MB,5663,947011,3928,15:47.08
run,pattern/reg/1024.txt,text/dblp/dblp.xml.70MB,6554,1111876,3964,18:31.90
run_simd,pattern/reg/1024.txt,text/dblp/dblp.xml.70MB,20069,1100892,3932,18:20.99
run,pattern/reg/1024.txt,text/dblp/dblp.xml.80MB,15275,1251388,3956,20:51.46
run_simd,pattern/reg/1024.txt,text/dblp/dblp.xml.80MB,19783,1270085,3960,21:10.19
run,pattern/reg/1024.txt,text/dblp/dblp.xml.90MB,7305,1422193,3956,23:42.23
run_simd,pattern/reg/1024.txt,text/dblp/dblp.xml.90MB,19807,1417991,3928,23:38.10
run,pattern/reg/1024.txt,text/dblp/dblp.xml.100MB,14457,1575436,4004,26:15.51
run_simd,pattern/reg/1024.txt,text/dblp/dblp.xml.100MB,5867,1582793,3932,26:22.87
run,pattern/ext/32.txt,text/dblp/dblp.xml.10MB,819,22494,2272,0:22.54
run_simd,pattern/ext/32.txt,text/dblp/dblp.xml.10MB,761,22387,2264,0:22.39
run,pattern/ext/64.txt,text/dblp/dblp.xml.10MB,1780,22428,2652,0:22.45
run_simd,pattern/ext/64.txt,text/dblp/dblp.xml.10MB,1318,23165,2640,0:23.17
run,pattern/ext/128.txt,text/dblp/dblp.xml.10MB,2870,22856,3432,0:22.86
run_simd,pattern/ext/128.txt,text/dblp/dblp.xml.10MB,2983,22751,3416,0:22.78
run,pattern/ext/256.txt,text/dblp/dblp.xml.10MB,5322,24096,4992,0:24.10
run_simd,pattern/ext/256.txt,text/dblp/dblp.xml.10MB,5076,24254,4988,0:24.26
run,pattern/ext/512.txt,text/dblp/dblp.xml.10MB,8441,69015,8128,1:09.02
run_simd,pattern/ext/512.txt,text/dblp/dblp.xml.10MB,7890,69128,8128,1:09.14
run,pattern/net/32.txt,text/dblp/dblp.xml.10MB,261,95185,1948,1:35.24
run_simd,pattern/net/32.txt,text/dblp/dblp.xml.10MB,150,94897,1936,1:34.90
run,pattern/net/64.txt,text/dblp/dblp.xml.10MB,197,132224,1948,2:12.23
run_simd,pattern/net/64.txt,text/dblp/dblp.xml.10MB,244,132372,1952,2:12.40
run,pattern/net/128.txt,text/dblp/dblp.xml.10MB,252,137765,1976,2:17.77
run_simd,pattern/net/128.txt,text/dblp/dblp.xml.10MB,237,139013,1968,2:19.01
run,pattern/net/256.txt,text/dblp/dblp.xml.10MB,650,145473,1996,2:25.48
run_simd,pattern/net/256.txt,text/dblp/dblp.xml.10MB,343,145997,1992,2:26.00
run,pattern/net/512.txt,text/dblp/dblp.xml.10MB,688,162246,2048,2:42.25
run_simd,pattern/net/512.txt,text/dblp/dblp.xml.10MB,630,162253,2040,2:42.25
run,pattern/exnet/32.txt,text/dblp/dblp.xml.10MB,389,96579,1976,1:36.58
run_simd,pattern/exnet/32.txt,text/dblp/dblp.xml.10MB,196,95755,1968,1:35.75
run,pattern/exnet/64.txt,text/dblp/dblp.xml.10MB,434,131539,2016,2:11.54
run_simd,pattern/exnet/64.txt,text/dblp/dblp.xml.10MB,305,131677,2020,2:11.68
run,pattern/exnet/128.txt,text/dblp/dblp.xml.10MB,711,170666,2092,2:50.67
run_simd,pattern/exnet/128.txt,text/dblp/dblp.xml.10MB,794,169203,2124,2:49.23
run,pattern/exnet/256.txt,text/dblp/dblp.xml.10MB,927,180347,2276,3:00.35
run_simd,pattern/exnet/256.txt,text/dblp/dblp.xml.10MB,860,183375,2272,3:03.38
run,pattern/exnet/512.txt,text/dblp/dblp.xml.10MB,2140,202042,2608,3:22.05
run_simd,pattern/exnet/512.txt,text/dblp/dblp.xml.10MB,3097,201346,2600,3:21.37
run,pattern/reg/32.txt,text/dblp/dblp.xml.10MB,565,105575,2040,1:45.59
run_simd,pattern/reg/32.txt,text/dblp/dblp.xml.10MB,626,105496,2040,1:45.54
run,pattern/reg/64.txt,text/dblp/dblp.xml.10MB,572,105490,2084,1:45.49
run_simd,pattern/reg/64.txt,text/dblp/dblp.xml.10MB,374,105358,2076,1:45.36
run,pattern/reg/128.txt,text/dblp/dblp.xml.10MB,646,107945,2200,1:47.95
run_simd,pattern/reg/128.txt,text/dblp/dblp.xml.10MB,651,108667,2196,1:48.67
run,pattern/reg/256.txt,text/dblp/dblp.xml.10MB,1676,115921,2456,1:55.92
run_simd,pattern/reg/256.txt,text/dblp/dblp.xml.10MB,1438,116838,2468,1:56.84
run,pattern/reg/512.txt,text/dblp/dblp.xml.10MB,3119,130866,2952,2:10.87
run_simd,pattern/reg/512.txt,text/dblp/dblp.xml.10MB,2444,131092,2976,2:11.10
./run,pattern/weak_backtrack/10.txt,text/dblp/dblp.xml.1MB,8910,2334,2004,0:02.44
./run_simd,pattern/weak_backtrack/10.txt,text/dblp/dblp.xml.1MB,1843,2355,2016,0:02.37
./run,pattern/weak_backtrack/20.txt,text/dblp/dblp.xml.1MB,409,2279,2076,0:02.28
./run_simd,pattern/weak_backtrack/20.txt,text/dblp/dblp.xml.1MB,472,2260,2112,0:02.26
./run,pattern/weak_backtrack/30.txt,text/dblp/dblp.xml.1MB,780,2262,2256,0:02.26
./run_simd,pattern/weak_backtrack/30.txt,text/dblp/dblp.xml.1MB,643,2263,2240,0:02.26
./run,pattern/weak_backtrack/40.txt,text/dblp/dblp.xml.1MB,879,2308,2364,0:02.31
./run_simd,pattern/weak_backtrack/40.txt,text/dblp/dblp.xml.1MB,804,2262,2364,0:02.26
./run,pattern/weak_backtrack/50.txt,text/dblp/dblp.xml.1MB,1216,2262,2476,0:02.26
./run_simd,pattern/weak_backtrack/50.txt,text/dblp/dblp.xml.1MB,985,2263,2480,0:02.26
python,pattern/weak_backtrack/10.txt,text/dblp/dblp.xml.1MB,186.47800000000382,62.681126000000006,6588,0:00.19
python,pattern/weak_backtrack/20.txt,text/dblp/dblp.xml.1MB,172.89399999999983,556.113883,6520,0:00.59
./run,pattern/weak_backtrack/6.txt,text/dblp/dblp.xml.1MB,2429,2222,1964,0:02.26
./run_simd,pattern/weak_backtrack/6.txt,text/dblp/dblp.xml.1MB,12302,2321,1956,0:02.35
./run,pattern/weak_backtrack/7.txt,text/dblp/dblp.xml.1MB,276,2260,1968,0:02.26
./run_simd,pattern/weak_backtrack/7.txt,text/dblp/dblp.xml.1MB,186,2226,1956,0:02.23
./run,pattern/weak_backtrack/8.txt,text/dblp/dblp.xml.1MB,292,2234,1984,0:02.23
./run_simd,pattern/weak_backtrack/8.txt,text/dblp/dblp.xml.1MB,209,2230,1972,0:02.23
./run,pattern/weak_backtrack/9.txt,text/dblp/dblp.xml.1MB,304,2243,1992,0:02.24
./run_simd,pattern/weak_backtrack/9.txt,text/dblp/dblp.xml.1MB,222,2248,1976,0:02.25
./run,pattern/weak_backtrack/10.txt,text/dblp/dblp.xml.1MB,238,2244,1996,0:02.24
./run_simd,pattern/weak_backtrack/10.txt,text/dblp/dblp.xml.1MB,236,2244,1992,0:02.24
./run,pattern/weak_backtrack/11.txt,text/dblp/dblp.xml.1MB,289,2270,2004,0:02.27
./run_simd,pattern/weak_backtrack/11.txt,text/dblp/dblp.xml.1MB,255,2255,2004,0:02.25
./run,pattern/weak_backtrack/12.txt,text/dblp/dblp.xml.1MB,351,2263,2032,0:02.26
./run_simd,pattern/weak_backtrack/12.txt,text/dblp/dblp.xml.1MB,272,2254,2024,0:02.25
./run,pattern/weak_backtrack/13.txt,text/dblp/dblp.xml.1MB,399,2262,2040,0:02.26
./run_simd,pattern/weak_backtrack/13.txt,text/dblp/dblp.xml.1MB,299,2248,2040,0:02.25
./run,pattern/weak_backtrack/14.txt,text/dblp/dblp.xml.1MB,396,2285,2060,0:02.28
./run_simd,pattern/weak_backtrack/14.txt,text/dblp/dblp.xml.1MB,313,2264,2052,0:02.26
./run,pattern/weak_backtrack/15.txt,text/dblp/dblp.xml.1MB,342,2263,2056,0:02.26
./run_simd,pattern/weak_backtrack/15.txt,text/dblp/dblp.xml.1MB,329,2249,2060,0:02.25
./run,pattern/weak_backtrack/16.txt,text/dblp/dblp.xml.1MB,375,2251,2072,0:02.25
./run_simd,pattern/weak_backtrack/16.txt,text/dblp/dblp.xml.1MB,351,2252,2068,0:02.25
./run,pattern/weak_backtrack/17.txt,text/dblp/dblp.xml.1MB,402,2238,2080,0:02.24
./run_simd,pattern/weak_backtrack/17.txt,text/dblp/dblp.xml.1MB,393,2276,2080,0:02.28
./run,pattern/weak_backtrack/18.txt,text/dblp/dblp.xml.1MB,478,2264,2116,0:02.26
./run_simd,pattern/weak_backtrack/18.txt,text/dblp/dblp.xml.1MB,384,2254,2100,0:02.25
./run,pattern/weak_backtrack/19.txt,text/dblp/dblp.xml.1MB,504,2257,2116,0:02.26
./run_simd,pattern/weak_backtrack/19.txt,text/dblp/dblp.xml.1MB,405,2255,2104,0:02.25
./run,pattern/weak_backtrack/20.txt,text/dblp/dblp.xml.1MB,473,2248,2124,0:02.25
./run_simd,pattern/weak_backtrack/20.txt,text/dblp/dblp.xml.1MB,425,2250,2124,0:02.25
./run,pattern/weak_backtrack/21.txt,text/dblp/dblp.xml.1MB,469,2275,2132,0:02.27
./run_simd,pattern/weak_backtrack/21.txt,text/dblp/dblp.xml.1MB,444,2244,2128,0:02.24
./run,pattern/weak_backtrack/22.txt,text/dblp/dblp.xml.1MB,505,2249,2148,0:02.25
./run_simd,pattern/weak_backtrack/22.txt,text/dblp/dblp.xml.1MB,462,2240,2148,0:02.24
./run,pattern/weak_backtrack/23.txt,text/dblp/dblp.xml.1MB,585,2256,2164,0:02.26
./run_simd,pattern/weak_backtrack/23.txt,text/dblp/dblp.xml.1MB,488,2249,2156,0:02.25
./run,pattern/weak_backtrack/24.txt,text/dblp/dblp.xml.1MB,502,2246,2184,0:02.25
./run_simd,pattern/weak_backtrack/24.txt,text/dblp/dblp.xml.1MB,510,2244,2172,0:02.24
./run,pattern/weak_backtrack/25.txt,text/dblp/dblp.xml.1MB,643,2250,2188,0:02.25
./run_simd,pattern/weak_backtrack/25.txt,text/dblp/dblp.xml.1MB,522,2249,2180,0:02.25
./run,pattern/weak_backtrack/26.txt,text/dblp/dblp.xml.1MB,582,2252,2196,0:02.25
./run_simd,pattern/weak_backtrack/26.txt,text/dblp/dblp.xml.1MB,552,2244,2196,0:02.24
./run,pattern/weak_backtrack/27.txt,text/dblp/dblp.xml.1MB,587,2245,2204,0:02.24
./run_simd,pattern/weak_backtrack/27.txt,text/dblp/dblp.xml.1MB,551,2249,2200,0:02.25
./run,pattern/weak_backtrack/28.txt,text/dblp/dblp.xml.1MB,597,2257,2220,0:02.26
./run_simd,pattern/weak_backtrack/28.txt,text/dblp/dblp.xml.1MB,587,2247,2216,0:02.25
./run,pattern/weak_backtrack/29.txt,text/dblp/dblp.xml.1MB,629,2250,2228,0:02.25
./run_simd,pattern/weak_backtrack/29.txt,text/dblp/dblp.xml.1MB,587,2252,2228,0:02.25
./run,pattern/weak_backtrack/30.txt,text/dblp/dblp.xml.1MB,889,2251,2292,0:02.25
./run_simd,pattern/weak_backtrack/30.txt,text/dblp/dblp.xml.1MB,605,2258,2240,0:02.26
./run,pattern/weak_backtrack/31.txt,text/dblp/dblp.xml.1MB,762,2259,2260,0:02.26
./run_simd,pattern/weak_backtrack/31.txt,text/dblp/dblp.xml.1MB,639,2256,2252,0:02.26
./run,pattern/weak_backtrack/32.txt,text/dblp/dblp.xml.1MB,676,2246,2268,0:02.25
./run_simd,pattern/weak_backtrack/32.txt,text/dblp/dblp.xml.1MB,738,2234,2276,0:02.23
./run,pattern/weak_backtrack/33.txt,text/dblp/dblp.xml.1MB,820,2258,2288,0:02.26
./run_simd,pattern/weak_backtrack/33.txt,text/dblp/dblp.xml.1MB,660,2247,2280,0:02.25
./run,pattern/weak_backtrack/34.txt,text/dblp/dblp.xml.1MB,708,2249,2292,0:02.25
./run_simd,pattern/weak_backtrack/34.txt,text/dblp/dblp.xml.1MB,676,2243,2292,0:02.24
./run,pattern/weak_backtrack/35.txt,text/dblp/dblp.xml.1MB,717,2252,2300,0:02.25
./run_simd,pattern/weak_backtrack/35.txt,text/dblp/dblp.xml.1MB,807,2238,2300,0:02.24
./run,pattern/weak_backtrack/36.txt,text/dblp/dblp.xml.1MB,860,2269,2324,0:02.27
./run_simd,pattern/weak_backtrack/36.txt,text/dblp/dblp.xml.1MB,724,2241,2316,0:02.24
./run,pattern/weak_backtrack/37.txt,text/dblp/dblp.xml.1MB,743,2246,2328,0:02.25
./run_simd,pattern/weak_backtrack/37.txt,text/dblp/dblp.xml.1MB,736,2247,2324,0:02.25
./run,pattern/weak_backtrack/38.txt,text/dblp/dblp.xml.1MB,910,2267,2348,0:02.27
./run_simd,pattern/weak_backtrack/38.txt,text/dblp/dblp.xml.1MB,747,2255,2336,0:02.26
./run,pattern/weak_backtrack/39.txt,text/dblp/dblp.xml.1MB,862,2245,2356,0:02.24
./run_simd,pattern/weak_backtrack/39.txt,text/dblp/dblp.xml.1MB,777,2247,2352,0:02.25
python,pattern/weak_backtrack/6.txt,text/dblp/dblp.xml.1MB,69.89199999999849,35.894237,7156,0:00.07
python,pattern/weak_backtrack/7.txt,text/dblp/dblp.xml.1MB,79.39800000000136,39.209673,7572,0:00.07
python,pattern/weak_backtrack/8.txt,text/dblp/dblp.xml.1MB,94.33500000000095,44.694395,7188,0:00.07
python,pattern/weak_backtrack/9.txt,text/dblp/dblp.xml.1MB,105.68299999999878,55.235386999999996,6628,0:00.08
python,pattern/weak_backtrack/10.txt,text/dblp/dblp.xml.1MB,110.85599999999945,62.417649999999995,6604,0:00.09
python,pattern/weak_backtrack/11.txt,text/dblp/dblp.xml.1MB,120.16299999999951,67.99022299999999,6592,0:00.10
python,pattern/weak_backtrack/12.txt,text/dblp/dblp.xml.1MB,126.93199999999975,85.32567099999999,6528,0:00.11
python,pattern/weak_backtrack/13.txt,text/dblp/dblp.xml.1MB,145.33400000000043,121.71511800000002,6508,0:00.15
python,pattern/weak_backtrack/14.txt,text/dblp/dblp.xml.1MB,181.78500000000028,182.540817,6528,0:00.21
python,pattern/weak_backtrack/15.txt,text/dblp/dblp.xml.1MB,159.39499999999967,310.383387,6528,0:00.34
python,pattern/weak_backtrack/16.txt,text/dblp/dblp.xml.1MB,173.9920000000013,552.815192,6508,0:00.58
python,pattern/weak_backtrack/17.txt,text/dblp/dblp.xml.1MB,178.73700000000173,1020.86917,6504,0:01.05
python,pattern/weak_backtrack/18.txt,text/dblp/dblp.xml.1MB,186.88199999999932,1688.2547889999998,6504,0:01.72
python,pattern/weak_backtrack/19.txt,text/dblp/dblp.xml.1MB,204.23400000000106,3147.3013290000004,6556,0:03.18
python,pattern/weak_backtrack/20.txt,text/dblp/dblp.xml.1MB,210.55999999999852,5763.945339,6508,0:05.80
python,pattern/weak_backtrack/21.txt,text/dblp/dblp.xml.1MB,218.12800000000146,11138.723623999998,6544,0:11.17
python,pattern/weak_backtrack/22.txt,text/dblp/dblp.xml.1MB,258.06299999999936,21622.063111,6492,0:21.65
python,pattern/weak_backtrack/23.txt,text/dblp/dblp.xml.1MB,255.01299999999839,40109.160838,6488,0:40.14
python,pattern/weak_backtrack/24.txt,text/dblp/dblp.xml.1MB,258.9570000000006,79019.92123200001,6484,1:19.06
python,pattern/weak_backtrack/25.txt,text/dblp/dblp.xml.1MB,450.61700000000036,154563.979557,6476,2:34.60
python,pattern/weak_backtrack/26.txt,text/dblp/dblp.xml.1MB,281.74100000000203,308276.56595899997,6492,5:08.31
python,pattern/weak_backtrack/27.txt,text/dblp/dblp.xml.1MB,361.84400000000005,615985.114015,6508,10:16.03
python,pattern/weak_backtrack/28.txt,text/dblp/dblp.xml.1MB,344.31600000000424,1221629.433197,6544,20:21.69
python,pattern/weak_backtrack/29.txt,text/dblp/dblp.xml.1MB,379.55599999999964,2432604.0742789996,6532,40:32.67
./run_simd,pattern/net/32.txt,text/dblp/dblp.xml.1MB,8089,9469,1936,0:09.53
./run_simd,pattern/net/64.txt,text/dblp/dblp.xml.1MB,253,12919,1948,0:12.92
./run_simd,pattern/net/96.txt,text/dblp/dblp.xml.1MB,333,13576,1956,0:13.58
./run_simd,pattern/net/128.txt,text/dblp/dblp.xml.1MB,381,13280,1964,0:13.28
./run_simd,pattern/net/160.txt,text/dblp/dblp.xml.1MB,348,14010,1964,0:14.01
./run_simd,pattern/net/192.txt,text/dblp/dblp.xml.1MB,366,13934,1980,0:13.93
./run_simd,pattern/net/224.txt,text/dblp/dblp.xml.1MB,473,14355,1980,0:14.36
./run_simd,pattern/net/256.txt,text/dblp/dblp.xml.1MB,518,14272,1992,0:14.27
./run_simd,pattern/net/288.txt,text/dblp/dblp.xml.1MB,425,14724,1992,0:14.72
./run_simd,pattern/net/320.txt,text/dblp/dblp.xml.1MB,485,14712,2012,0:14.71
./run_simd,pattern/net/352.txt,text/dblp/dblp.xml.1MB,422,14913,2000,0:14.91
./run_simd,pattern/net/384.txt,text/dblp/dblp.xml.1MB,523,14915,2016,0:14.92
./run_simd,pattern/net/416.txt,text/dblp/dblp.xml.1MB,548,15504,2020,0:15.50
./run_simd,pattern/net/448.txt,text/dblp/dblp.xml.1MB,565,15372,2024,0:15.37
./run_simd,pattern/net/480.txt,text/dblp/dblp.xml.1MB,545,15833,2016,0:15.83
./run_simd,pattern/net/512.txt,text/dblp/dblp.xml.1MB,533,15790,2024,0:15.79
./run_simd,pattern/net/544.txt,text/dblp/dblp.xml.1MB,565,15681,2024,0:15.68
./run_simd,pattern/net/576.txt,text/dblp/dblp.xml.1MB,615,16153,2056,0:16.15
./run_simd,pattern/net/608.txt,text/dblp/dblp.xml.1MB,670,16169,2052,0:16.17
./run_simd,pattern/net/640.txt,text/dblp/dblp.xml.1MB,916,16432,2064,0:16.43
./run_simd,pattern/net/672.txt,text/dblp/dblp.xml.1MB,771,18000,2064,0:18.00
./run_simd,pattern/net/704.txt,text/dblp/dblp.xml.1MB,797,17107,2080,0:17.11
./run_simd,pattern/net/736.txt,text/dblp/dblp.xml.1MB,722,16857,2076,0:16.86
./run_simd,pattern/net/768.txt,text/dblp/dblp.xml.1MB,717,17166,2072,0:17.17
./run_simd,pattern/net/800.txt,text/dblp/dblp.xml.1MB,881,17150,2092,0:17.15
./run_simd,pattern/net/832.txt,text/dblp/dblp.xml.1MB,828,17586,2100,0:17.59
./run_simd,pattern/net/864.txt,text/dblp/dblp.xml.1MB,932,17584,2104,0:17.58
./run_simd,pattern/net/896.txt,text/dblp/dblp.xml.1MB,926,17964,2104,0:17.97
./run_simd,pattern/net/928.txt,text/dblp/dblp.xml.1MB,857,18173,2100,0:18.17
./run_simd,pattern/net/960.txt,text/dblp/dblp.xml.1MB,874,18449,2112,0:18.45
./run_simd,pattern/net/992.txt,text/dblp/dblp.xml.1MB,1067,18503,2124,0:18.50
./run_simd,pattern/net/1024.txt,text/dblp/dblp.xml.1MB,1410,19443,2152,0:19.44
./run_simd,pattern/exnet/32.txt,text/dblp/dblp.xml.1MB,341,9626,1980,0:09.63
./run_simd,pattern/exnet/64.txt,text/dblp/dblp.xml.1MB,294,13092,2004,0:13.09
./run_simd,pattern/exnet/96.txt,text/dblp/dblp.xml.1MB,416,13480,2024,0:13.48
./run_simd,pattern/exnet/128.txt,text/dblp/dblp.xml.1MB,699,13452,2052,0:13.45
./run_simd,pattern/exnet/160.txt,text/dblp/dblp.xml.1MB,479,13907,2096,0:13.91
./run_simd,pattern/exnet/192.txt,text/dblp/dblp.xml.1MB,569,14125,2112,0:14.13
./run_simd,pattern/exnet/224.txt,text/dblp/dblp.xml.1MB,756,14362,2136,0:14.36
./run_simd,pattern/exnet/256.txt,text/dblp/dblp.xml.1MB,745,14332,2148,0:14.33
./run_simd,pattern/exnet/288.txt,text/dblp/dblp.xml.1MB,770,14484,2184,0:14.48
./run_simd,pattern/exnet/320.txt,text/dblp/dblp.xml.1MB,783,14674,2196,0:14.67
./run_simd,pattern/exnet/352.txt,text/dblp/dblp.xml.1MB,993,15021,2272,0:15.02
./run_simd,pattern/exnet/384.txt,text/dblp/dblp.xml.1MB,915,15028,2244,0:15.03
./run_simd,pattern/exnet/416.txt,text/dblp/dblp.xml.1MB,979,15312,2332,0:15.31
./run_simd,pattern/exnet/448.txt,text/dblp/dblp.xml.1MB,1162,15291,2312,0:15.29
./run_simd,pattern/exnet/480.txt,text/dblp/dblp.xml.1MB,1140,15612,2380,0:15.61
./run_simd,pattern/exnet/512.txt,text/dblp/dblp.xml.1MB,1188,15661,2348,0:15.66
./run_simd,pattern/exnet/544.txt,text/dblp/dblp.xml.1MB,1404,15909,2368,0:15.91
./run_simd,pattern/exnet/576.txt,text/dblp/dblp.xml.1MB,1284,16279,2416,0:16.28
./run_simd,pattern/exnet/608.txt,text/dblp/dblp.xml.1MB,1574,16144,2504,0:16.15
./run_simd,pattern/exnet/640.txt,text/dblp/dblp.xml.1MB,1684,16385,2532,0:16.39
./run_simd,pattern/exnet/672.txt,text/dblp/dblp.xml.1MB,1787,16849,2560,0:16.85
./run_simd,pattern/exnet/704.txt,text/dblp/dblp.xml.1MB,1821,16903,2500,0:16.90
./run_simd,pattern/exnet/736.txt,text/dblp/dblp.xml.1MB,1817,16763,2528,0:16.77
./run_simd,pattern/exnet/768.txt,text/dblp/dblp.xml.1MB,1870,17043,2560,0:17.05
./run_simd,pattern/exnet/800.txt,text/dblp/dblp.xml.1MB,2013,17215,2680,0:17.22
./run_simd,pattern/exnet/832.txt,text/dblp/dblp.xml.1MB,2550,17543,2636,0:17.55
./run_simd,pattern/exnet/864.txt,text/dblp/dblp.xml.1MB,1806,17739,2640,0:17.74
./run_simd,pattern/exnet/896.txt,text/dblp/dblp.xml.1MB,2736,18015,2784,0:18.02
./run_simd,pattern/exnet/928.txt,text/dblp/dblp.xml.1MB,2231,18235,2808,0:18.24
./run_simd,pattern/exnet/960.txt,text/dblp/dblp.xml.1MB,2314,18497,2836,0:18.50
./run_simd,pattern/exnet/992.txt,text/dblp/dblp.xml.1MB,2173,18284,2784,0:18.32
./run_simd,pattern/exnet/1024.txt,text/dblp/dblp.xml.1MB,3158,24009,3252,0:24.01
./run_simd,pattern/ext/32.txt,text/dblp/dblp.xml.1MB,1043,2245,2276,0:02.25
./run_simd,pattern/ext/64.txt,text/dblp/dblp.xml.1MB,1916,2279,2664,0:02.28
./run_simd,pattern/ext/96.txt,text/dblp/dblp.xml.1MB,2290,2274,3056,0:02.28
./run_simd,pattern/ext/128.txt,text/dblp/dblp.xml.1MB,3107,2287,3452,0:02.29
./run_simd,pattern/ext/160.txt,text/dblp/dblp.xml.1MB,3724,2357,3844,0:02.36
./run_simd,pattern/ext/192.txt,text/dblp/dblp.xml.1MB,3918,2371,4220,0:02.38
./run_simd,pattern/ext/224.txt,text/dblp/dblp.xml.1MB,5059,2412,4624,0:02.42
./run_simd,pattern/ext/256.txt,text/dblp/dblp.xml.1MB,5874,2413,5016,0:02.42
./run_simd,pattern/ext/288.txt,text/dblp/dblp.xml.1MB,5876,2472,5400,0:02.48
./run_simd,pattern/ext/320.txt,text/dblp/dblp.xml.1MB,7249,2458,5796,0:02.47
./run_simd,pattern/ext/352.txt,text/dblp/dblp.xml.1MB,6828,2496,6172,0:02.50
./run_simd,pattern/ext/384.txt,text/dblp/dblp.xml.1MB,7726,2507,6580,0:02.52
./run_simd,pattern/ext/416.txt,text/dblp/dblp.xml.1MB,8055,2553,6952,0:02.56
./run_simd,pattern/ext/448.txt,text/dblp/dblp.xml.1MB,12887,2545,7368,0:02.56
./run_simd,pattern/ext/480.txt,text/dblp/dblp.xml.1MB,9435,2592,7736,0:02.60
./run_simd,pattern/ext/512.txt,text/dblp/dblp.xml.1MB,9998,2597,8128,0:02.61
./run_simd,pattern/ext/544.txt,text/dblp/dblp.xml.1MB,10934,2649,8516,0:02.66
./run_simd,pattern/ext/576.txt,text/dblp/dblp.xml.1MB,11353,2670,8924,0:02.68
./run_simd,pattern/ext/608.txt,text/dblp/dblp.xml.1MB,12004,2718,9300,0:02.73
./run_simd,pattern/ext/640.txt,text/dblp/dblp.xml.1MB,12493,2683,9696,0:02.70
./run_simd,pattern/ext/672.txt,text/dblp/dblp.xml.1MB,13292,2740,10072,0:02.75
./run_simd,pattern/ext/704.txt,text/dblp/dblp.xml.1MB,14972,2730,10472,0:02.75
./run_simd,pattern/ext/736.txt,text/dblp/dblp.xml.1MB,14439,4076,10868,0:04.09
./run_simd,pattern/ext/768.txt,text/dblp/dblp.xml.1MB,18210,3044,11268,0:03.08
./run_simd,pattern/ext/800.txt,text/dblp/dblp.xml.1MB,26278,2908,11660,0:02.94
./run_simd,pattern/ext/832.txt,text/dblp/dblp.xml.1MB,16872,2866,12056,0:02.89
./run_simd,pattern/ext/864.txt,text/dblp/dblp.xml.1MB,27321,2891,12444,0:02.92
./run_simd,pattern/ext/896.txt,text/dblp/dblp.xml.1MB,17523,2904,12804,0:02.92
./run_simd,pattern/ext/928.txt,text/dblp/dblp.xml.1MB,18016,2965,13172,0:02.99
./run_simd,pattern/ext/960.txt,text/dblp/dblp.xml.1MB,19252,2936,13588,0:02.96
./run_simd,pattern/ext/992.txt,text/dblp/dblp.xml.1MB,19691,3019,13948,0:03.04
./run_simd,pattern/ext/1024.txt,text/dblp/dblp.xml.1MB,19851,8227,17456,0:08.25
./run_simd,pattern/reg/32.txt,text/dblp/dblp.xml.1MB,1015,10455,2044,0:10.46
./run_simd,pattern/reg/64.txt,text/dblp/dblp.xml.1MB,375,11651,2088,0:11.68
./run_simd,pattern/reg/96.txt,text/dblp/dblp.xml.1MB,600,10876,2136,0:10.88
./run_simd,pattern/reg/128.txt,text/dblp/dblp.xml.1MB,561,10690,2176,0:10.72
./run_simd,pattern/reg/160.txt,text/dblp/dblp.xml.1MB,647,11243,2252,0:11.24
./run_simd,pattern/reg/192.txt,text/dblp/dblp.xml.1MB,896,11296,2300,0:11.30
./run_simd,pattern/reg/224.txt,text/dblp/dblp.xml.1MB,1364,11774,2368,0:11.78
./run_simd,pattern/reg/256.txt,text/dblp/dblp.xml.1MB,1050,11577,2340,0:11.58
./run_simd,pattern/reg/288.txt,text/dblp/dblp.xml.1MB,1209,11726,2396,0:11.73
./run_simd,pattern/reg/320.txt,text/dblp/dblp.xml.1MB,1459,11847,2428,0:11.85
./run_simd,pattern/reg/352.txt,text/dblp/dblp.xml.1MB,1444,12253,2472,0:12.25
./run_simd,pattern/reg/384.txt,text/dblp/dblp.xml.1MB,1553,12249,2620,0:12.25
./run_simd,pattern/reg/416.txt,text/dblp/dblp.xml.1MB,1473,12815,2680,0:12.82
./run_simd,pattern/reg/448.txt,text/dblp/dblp.xml.1MB,1540,12646,2720,0:12.65
./run_simd,pattern/reg/480.txt,text/dblp/dblp.xml.1MB,1985,13002,2804,0:13.00
./run_simd,pattern/reg/512.txt,text/dblp/dblp.xml.1MB,1659,12987,2696,0:12.99
./run_simd,pattern/reg/544.txt,text/dblp/dblp.xml.1MB,2389,12941,2912,0:12.94
./run_simd,pattern/reg/576.txt,text/dblp/dblp.xml.1MB,1855,13273,2788,0:13.28
./run_simd,pattern/reg/608.txt,text/dblp/dblp.xml.1MB,2044,13304,2844,0:13.31
./run_simd,pattern/reg/640.txt,text/dblp/dblp.xml.1MB,2103,13623,3040,0:13.63
./run_simd,pattern/reg/672.txt,text/dblp/dblp.xml.1MB,2190,13631,3092,0:13.63
./run_simd,pattern/reg/704.txt,text/dblp/dblp.xml.1MB,2215,13992,2976,0:13.99
./run_simd,pattern/reg/736.txt,text/dblp/dblp.xml.1MB,2396,14017,3016,0:14.02
./run_simd,pattern/reg/768.txt,text/dblp/dblp.xml.1MB,2696,14275,3064,0:14.28
./run_simd,pattern/reg/800.txt,text/dblp/dblp.xml.1MB,3059,14251,3312,0:14.28
./run_simd,pattern/reg/832.txt,text/dblp/dblp.xml.1MB,2658,14672,3364,0:14.68
./run_simd,pattern/reg/864.txt,text/dblp/dblp.xml.1MB,3619,14811,3424,0:14.81
./run_simd,pattern/reg/896.txt,text/dblp/dblp.xml.1MB,2746,15003,3248,0:15.01
./run_simd,pattern/reg/928.txt,text/dblp/dblp.xml.1MB,3362,15042,3528,0:15.05
./run_simd,pattern/reg/960.txt,text/dblp/dblp.xml.1MB,5032,15391,3492,0:15.42
./run_simd,pattern/reg/992.txt,text/dblp/dblp.xml.1MB,2987,15623,3380,0:15.63
./run_simd,pattern/reg/1024.txt,text/dblp/dblp.xml.1MB,4424,15746,3928,0:15.75
./run,pattern/net/32.txt,text/dblp/dblp.xml.1MB,250,9519,1932,0:10.46
./run,pattern/net/64.txt,text/dblp/dblp.xml.1MB,261,12951,1944,0:12.95
./run,pattern/net/96.txt,text/dblp/dblp.xml.1MB,255,13271,1948,0:13.29
./run,pattern/net/128.txt,text/dblp/dblp.xml.1MB,296,13265,1952,0:13.27
./run,pattern/net/160.txt,text/dblp/dblp.xml.1MB,411,13991,1976,0:13.99
./run,pattern/net/192.txt,text/dblp/dblp.xml.1MB,705,14111,1976,0:14.11
./run,pattern/net/224.txt,text/dblp/dblp.xml.1MB,495,14362,1984,0:14.36
./run,pattern/net/256.txt,text/dblp/dblp.xml.1MB,593,14389,1984,0:14.42
./run,pattern/net/288.txt,text/dblp/dblp.xml.1MB,462,14517,2004,0:14.52
./run,pattern/net/320.txt,text/dblp/dblp.xml.1MB,483,14520,2012,0:14.53
./run,pattern/net/352.txt,text/dblp/dblp.xml.1MB,755,15013,2000,0:15.03
./run,pattern/net/384.txt,text/dblp/dblp.xml.1MB,610,14879,2004,0:14.89
./run,pattern/net/416.txt,text/dblp/dblp.xml.1MB,557,15292,2012,0:15.29
./run,pattern/net/448.txt,text/dblp/dblp.xml.1MB,580,15268,2020,0:15.27
./run,pattern/net/480.txt,text/dblp/dblp.xml.1MB,745,15750,2032,0:15.75
./run,pattern/net/512.txt,text/dblp/dblp.xml.1MB,543,15720,2024,0:15.72
./run,pattern/net/544.txt,text/dblp/dblp.xml.1MB,653,15695,2036,0:15.70
./run,pattern/net/576.txt,text/dblp/dblp.xml.1MB,632,16133,2048,0:16.13
./run,pattern/net/608.txt,text/dblp/dblp.xml.1MB,630,16127,2052,0:16.13
./run,pattern/net/640.txt,text/dblp/dblp.xml.1MB,794,16449,2068,0:16.45
./run,pattern/net/672.txt,text/dblp/dblp.xml.1MB,778,16511,2068,0:16.51
./run,pattern/net/704.txt,text/dblp/dblp.xml.1MB,698,17082,2068,0:17.08
./run,pattern/net/736.txt,text/dblp/dblp.xml.1MB,826,17040,2080,0:17.04
./run,pattern/net/768.txt,text/dblp/dblp.xml.1MB,764,17122,2076,0:17.12
./run,pattern/net/800.txt,text/dblp/dblp.xml.1MB,937,17090,2096,0:17.09
./run,pattern/net/832.txt,text/dblp/dblp.xml.1MB,791,19556,2088,0:19.56
./run,pattern/net/864.txt,text/dblp/dblp.xml.1MB,955,17852,2112,0:17.85
./run,pattern/net/896.txt,text/dblp/dblp.xml.1MB,880,17976,2096,0:17.98
./run,pattern/net/928.txt,text/dblp/dblp.xml.1MB,850,18120,2100,0:18.12
./run,pattern/net/960.txt,text/dblp/dblp.xml.1MB,904,18528,2112,0:18.53
./run,pattern/net/992.txt,text/dblp/dblp.xml.1MB,891,18649,2112,0:18.65
./run,pattern/net/1024.txt,text/dblp/dblp.xml.1MB,1161,19092,2156,0:19.11
./run,pattern/exnet/32.txt,text/dblp/dblp.xml.1MB,266,9427,1968,0:09.43
./run,pattern/exnet/64.txt,text/dblp/dblp.xml.1MB,297,13085,2004,0:13.08
./run,pattern/exnet/96.txt,text/dblp/dblp.xml.1MB,446,13427,2028,0:13.43
./run,pattern/exnet/128.txt,text/dblp/dblp.xml.1MB,567,13322,2060,0:13.33
./run,pattern/exnet/160.txt,text/dblp/dblp.xml.1MB,485,13919,2096,0:13.92
./run,pattern/exnet/192.txt,text/dblp/dblp.xml.1MB,790,13941,2120,0:13.95
./run,pattern/exnet/224.txt,text/dblp/dblp.xml.1MB,609,14328,2148,0:14.33
./run,pattern/exnet/256.txt,text/dblp/dblp.xml.1MB,653,14306,2148,0:14.31
./run,pattern/exnet/288.txt,text/dblp/dblp.xml.1MB,744,14680,2208,0:14.68
./run,pattern/exnet/320.txt,text/dblp/dblp.xml.1MB,809,14643,2192,0:14.64
./run,pattern/exnet/352.txt,text/dblp/dblp.xml.1MB,838,15024,2220,0:15.02
./run,pattern/exnet/384.txt,text/dblp/dblp.xml.1MB,1097,14978,2304,0:14.98
./run,pattern/exnet/416.txt,text/dblp/dblp.xml.1MB,1104,15209,2284,0:15.21
./run,pattern/exnet/448.txt,text/dblp/dblp.xml.1MB,1219,15237,2320,0:15.24
./run,pattern/exnet/480.txt,text/dblp/dblp.xml.1MB,1170,15723,2384,0:15.72
./run,pattern/exnet/512.txt,text/dblp/dblp.xml.1MB,1142,15603,2344,0:15.60
./run,pattern/exnet/544.txt,text/dblp/dblp.xml.1MB,1781,15702,2452,0:15.70
./run,pattern/exnet/576.txt,text/dblp/dblp.xml.1MB,1853,16984,2412,0:16.99
./run,pattern/exnet/608.txt,text/dblp/dblp.xml.1MB,1925,16257,2440,0:16.26
./run,pattern/exnet/640.txt,text/dblp/dblp.xml.1MB,2292,16464,2460,0:16.47
./run,pattern/exnet/672.txt,text/dblp/dblp.xml.1MB,2240,16460,2568,0:16.49
./run,pattern/exnet/704.txt,text/dblp/dblp.xml.1MB,2221,16839,2608,0:16.84
./run,pattern/exnet/736.txt,text/dblp/dblp.xml.1MB,1855,16737,2528,0:16.74
./run,pattern/exnet/768.txt,text/dblp/dblp.xml.1MB,1929,17057,2560,0:17.06
./run,pattern/exnet/800.txt,text/dblp/dblp.xml.1MB,2119,17245,2592,0:17.25
./run,pattern/exnet/832.txt,text/dblp/dblp.xml.1MB,2091,17599,2708,0:17.62
./run,pattern/exnet/864.txt,text/dblp/dblp.xml.1MB,2181,17628,2652,0:17.63
./run,pattern/exnet/896.txt,text/dblp/dblp.xml.1MB,2663,17842,2660,0:17.86
./run,pattern/exnet/928.txt,text/dblp/dblp.xml.1MB,3263,18074,2840,0:18.08
./run,pattern/exnet/960.txt,text/dblp/dblp.xml.1MB,2343,18428,2836,0:18.43
./run,pattern/exnet/992.txt,text/dblp/dblp.xml.1MB,2427,18264,2852,0:18.27
./run,pattern/exnet/1024.txt,text/dblp/dblp.xml.1MB,3047,24039,3092,0:24.04
./run,pattern/ext/32.txt,text/dblp/dblp.xml.1MB,862,2241,2264,0:02.24
./run,pattern/ext/64.txt,text/dblp/dblp.xml.1MB,1575,2278,2664,0:02.28
./run,pattern/ext/96.txt,text/dblp/dblp.xml.1MB,2180,2273,3040,0:02.28
./run,pattern/ext/128.txt,text/dblp/dblp.xml.1MB,2962,2261,3468,0:02.26
./run,pattern/ext/160.txt,text/dblp/dblp.xml.1MB,3566,2365,3832,0:02.37
./run,pattern/ext/192.txt,text/dblp/dblp.xml.1MB,4302,2359,4232,0:02.36
./run,pattern/ext/224.txt,text/dblp/dblp.xml.1MB,4315,2414,4604,0:02.42
./run,pattern/ext/256.txt,text/dblp/dblp.xml.1MB,5784,2422,5016,0:02.43
./run,pattern/ext/288.txt,text/dblp/dblp.xml.1MB,7035,2471,5408,0:02.48
./run,pattern/ext/320.txt,text/dblp/dblp.xml.1MB,6467,2480,5804,0:02.49
./run,pattern/ext/352.txt,text/dblp/dblp.xml.1MB,7831,2508,6192,0:02.52
./run,pattern/ext/384.txt,text/dblp/dblp.xml.1MB,7463,2540,6564,0:02.55
./run,pattern/ext/416.txt,text/dblp/dblp.xml.1MB,8273,2538,6948,0:02.55
./run,pattern/ext/448.txt,text/dblp/dblp.xml.1MB,9065,2538,7356,0:02.55
./run,pattern/ext/480.txt,text/dblp/dblp.xml.1MB,9450,2599,7732,0:02.61
./run,pattern/ext/512.txt,text/dblp/dblp.xml.1MB,11261,2582,8112,0:02.59
./run,pattern/ext/544.txt,text/dblp/dblp.xml.1MB,10655,2661,8528,0:02.67
./run,pattern/ext/576.txt,text/dblp/dblp.xml.1MB,11593,2651,8900,0:02.66
./run,pattern/ext/608.txt,text/dblp/dblp.xml.1MB,11944,2695,9288,0:02.71
./run,pattern/ext/640.txt,text/dblp/dblp.xml.1MB,12597,2697,9664,0:02.71
./run,pattern/ext/672.txt,text/dblp/dblp.xml.1MB,13214,2742,10060,0:02.76
./run,pattern/ext/704.txt,text/dblp/dblp.xml.1MB,13772,2718,10468,0:02.73
./run,pattern/ext/736.txt,text/dblp/dblp.xml.1MB,15130,2801,10852,0:02.82
./run,pattern/ext/768.txt,text/dblp/dblp.xml.1MB,15026,2791,11228,0:02.81
./run,pattern/ext/800.txt,text/dblp/dblp.xml.1MB,17698,2858,11640,0:02.88
./run,pattern/ext/832.txt,text/dblp/dblp.xml.1MB,16195,2862,12004,0:02.88
./run,pattern/ext/864.txt,text/dblp/dblp.xml.1MB,17218,2915,12404,0:02.93
./run,pattern/ext/896.txt,text/dblp/dblp.xml.1MB,17941,2894,12804,0:02.91
./run,pattern/ext/928.txt,text/dblp/dblp.xml.1MB,18247,2956,13188,0:02.97
./run,pattern/ext/960.txt,text/dblp/dblp.xml.1MB,18962,2908,13588,0:02.93
./run,pattern/ext/992.txt,text/dblp/dblp.xml.1MB,19559,2947,13960,0:02.97
./run,pattern/ext/1024.txt,text/dblp/dblp.xml.1MB,19716,8250,17408,0:08.27
./run,pattern/reg/32.txt,text/dblp/dblp.xml.1MB,338,10738,2036,0:10.74
./run,pattern/reg/64.txt,text/dblp/dblp.xml.1MB,555,10487,2088,0:10.49
./run,pattern/reg/96.txt,text/dblp/dblp.xml.1MB,701,10798,2124,0:10.80
./run,pattern/reg/128.txt,text/dblp/dblp.xml.1MB,798,10708,2168,0:10.71
./run,pattern/reg/160.txt,text/dblp/dblp.xml.1MB,821,11207,2248,0:11.21
./run,pattern/reg/192.txt,text/dblp/dblp.xml.1MB,784,11290,2300,0:11.29
./run,pattern/reg/224.txt,text/dblp/dblp.xml.1MB,839,11656,2348,0:11.66
./run,pattern/reg/256.txt,text/dblp/dblp.xml.1MB,1084,11391,2412,0:11.39
./run,pattern/reg/288.txt,text/dblp/dblp.xml.1MB,1136,11710,2408,0:11.71
./run,pattern/reg/320.txt,text/dblp/dblp.xml.1MB,1142,12020,2428,0:12.02
./run,pattern/reg/352.txt,text/dblp/dblp.xml.1MB,1756,12207,2572,0:12.21
./run,pattern/reg/384.txt,text/dblp/dblp.xml.1MB,1537,12183,2512,0:12.19
./run,pattern/reg/416.txt,text/dblp/dblp.xml.1MB,3164,12604,2692,0:12.62
./run,pattern/reg/448.txt,text/dblp/dblp.xml.1MB,1781,12638,2724,0:12.64
./run,pattern/reg/480.txt,text/dblp/dblp.xml.1MB,2324,13130,2788,0:13.13
./run,pattern/reg/512.txt,text/dblp/dblp.xml.1MB,2122,12921,2708,0:12.92
./run,pattern/reg/544.txt,text/dblp/dblp.xml.1MB,2087,12926,2884,0:12.93
./run,pattern/reg/576.txt,text/dblp/dblp.xml.1MB,2216,13338,2788,0:13.34
./run,pattern/reg/608.txt,text/dblp/dblp.xml.1MB,1946,13341,2832,0:13.34
./run,pattern/reg/640.txt,text/dblp/dblp.xml.1MB,2083,13576,3044,0:13.58
./run,pattern/reg/672.txt,text/dblp/dblp.xml.1MB,2152,13701,2932,0:13.70
./run,pattern/reg/704.txt,text/dblp/dblp.xml.1MB,2202,14056,2976,0:14.06
./run,pattern/reg/736.txt,text/dblp/dblp.xml.1MB,2332,14093,3020,0:14.10
./run,pattern/reg/768.txt,text/dblp/dblp.xml.1MB,2385,14404,3060,0:14.41
./run,pattern/reg/800.txt,text/dblp/dblp.xml.1MB,2573,14230,3312,0:14.23
./run,pattern/reg/832.txt,text/dblp/dblp.xml.1MB,2957,14631,3164,0:14.63
./run,pattern/reg/864.txt,text/dblp/dblp.xml.1MB,3151,14678,3432,0:14.68
./run,pattern/reg/896.txt,text/dblp/dblp.xml.1MB,2789,15087,3248,0:15.09
./run,pattern/reg/928.txt,text/dblp/dblp.xml.1MB,2830,15044,3284,0:15.05
./run,pattern/reg/960.txt,text/dblp/dblp.xml.1MB,3376,15436,3348,0:15.44
./run,pattern/reg/992.txt,text/dblp/dblp.xml.1MB,3617,15289,3636,0:15.29
./run,pattern/reg/1024.txt,text/dblp/dblp.xml.1MB,4825,15575,3936,0:15.58
./run_simd,pattern/net/32.txt,text/dblp/dblp.xml.10MB,8158,94509,1936,1:34.57
./run_simd,pattern/net/64.txt,text/dblp/dblp.xml.10MB,260,130269,1940,2:10.27
./run_simd,pattern/net/96.txt,text/dblp/dblp.xml.10MB,329,135118,1952,2:15.12
./run_simd,pattern/net/128.txt,text/dblp/dblp.xml.10MB,320,132116,1952,2:12.12
./run_simd,pattern/net/160.txt,text/dblp/dblp.xml.10MB,350,139664,1972,2:19.66
./run_simd,pattern/net/192.txt,text/dblp/dblp.xml.10MB,373,139053,1968,2:19.05
./run_simd,pattern/net/224.txt,text/dblp/dblp.xml.10MB,487,144523,1980,2:24.52
./run_simd,pattern/net/256.txt,text/dblp/dblp.xml.10MB,423,142195,1976,2:22.20
./run_simd,pattern/net/288.txt,text/dblp/dblp.xml.10MB,467,146485,1996,2:26.49
./run_simd,pattern/net/320.txt,text/dblp/dblp.xml.10MB,479,144553,2008,2:24.55
./run_simd,pattern/net/352.txt,text/dblp/dblp.xml.10MB,491,150515,2000,2:30.52
./run_simd,pattern/net/384.txt,text/dblp/dblp.xml.10MB,540,149273,2004,2:29.27
./run_simd,pattern/net/416.txt,text/dblp/dblp.xml.10MB,547,153781,2012,2:33.78
./run_simd,pattern/net/448.txt,text/dblp/dblp.xml.10MB,590,153661,2020,2:33.66
./run_simd,pattern/net/480.txt,text/dblp/dblp.xml.10MB,590,156054,2020,2:36.05
./run_simd,pattern/net/512.txt,text/dblp/dblp.xml.10MB,623,157255,2024,2:37.26
./run_simd,pattern/net/544.txt,text/dblp/dblp.xml.10MB,671,156871,2024,2:36.87
./run_simd,pattern/net/576.txt,text/dblp/dblp.xml.10MB,890,160278,2056,2:40.28
./run_simd,pattern/net/608.txt,text/dblp/dblp.xml.10MB,905,161279,2056,2:41.28
./run_simd,pattern/net/640.txt,text/dblp/dblp.xml.10MB,764,163047,2048,2:43.05
./run_simd,pattern/net/672.txt,text/dblp/dblp.xml.10MB,968,164785,2068,2:44.79
./run_simd,pattern/net/704.txt,text/dblp/dblp.xml.10MB,820,170313,2068,2:50.31
./run_simd,pattern/net/736.txt,text/dblp/dblp.xml.10MB,1016,170486,2080,2:50.49
./run_simd,pattern/net/768.txt,text/dblp/dblp.xml.10MB,850,170476,2084,2:50.48
./run_simd,pattern/net/800.txt,text/dblp/dblp.xml.10MB,769,170248,2080,2:50.25
./run_simd,pattern/net/832.txt,text/dblp/dblp.xml.10MB,944,174717,2100,2:54.72
./run_simd,pattern/net/864.txt,text/dblp/dblp.xml.10MB,808,177019,2088,2:57.02
./run_simd,pattern/net/896.txt,text/dblp/dblp.xml.10MB,943,178670,2108,2:58.67
./run_simd,pattern/net/928.txt,text/dblp/dblp.xml.10MB,977,180731,2112,3:00.73
./run_simd,pattern/net/960.txt,text/dblp/dblp.xml.10MB,873,185970,2112,3:05.97
./run_simd,pattern/net/992.txt,text/dblp/dblp.xml.10MB,872,185988,2112,3:05.99
./run_simd,pattern/net/1024.txt,text/dblp/dblp.xml.10MB,1445,192442,2156,3:12.44
./run_simd,pattern/exnet/32.txt,text/dblp/dblp.xml.10MB,320,95281,1984,1:35.28
./run_simd,pattern/exnet/64.txt,text/dblp/dblp.xml.10MB,361,130103,2004,2:10.10
./run_simd,pattern/exnet/96.txt,text/dblp/dblp.xml.10MB,413,135364,2028,2:15.36
./run_simd,pattern/exnet/128.txt,text/dblp/dblp.xml.10MB,426,133149,2060,2:13.15
./run_simd,pattern/exnet/160.txt,text/dblp/dblp.xml.10MB,488,139510,2096,2:19.51
./run_simd,pattern/exnet/192.txt,text/dblp/dblp.xml.10MB,791,140759,2112,2:20.76
./run_simd,pattern/exnet/224.txt,text/dblp/dblp.xml.10MB,605,143151,2148,2:23.15
./run_simd,pattern/exnet/256.txt,text/dblp/dblp.xml.10MB,766,142411,2188,2:22.41
./run_simd,pattern/exnet/288.txt,text/dblp/dblp.xml.10MB,734,146433,2208,2:26.43
./run_simd,pattern/exnet/320.txt,text/dblp/dblp.xml.10MB,767,145061,2192,2:25.06
./run_simd,pattern/exnet/352.txt,text/dblp/dblp.xml.10MB,962,148755,2224,2:28.76
./run_simd,pattern/exnet/384.txt,text/dblp/dblp.xml.10MB,916,149583,2244,2:29.58
./run_simd,pattern/exnet/416.txt,text/dblp/dblp.xml.10MB,980,152794,2336,2:32.80
./run_simd,pattern/exnet/448.txt,text/dblp/dblp.xml.10MB,1047,152815,2352,2:32.82
./run_simd,pattern/exnet/480.txt,text/dblp/dblp.xml.10MB,1260,156016,2392,2:36.02
./run_simd,pattern/exnet/512.txt,text/dblp/dblp.xml.10MB,1337,155857,2348,2:35.86
./run_simd,pattern/exnet/544.txt,text/dblp/dblp.xml.10MB,1598,158961,2456,2:38.96
./run_simd,pattern/exnet/576.txt,text/dblp/dblp.xml.10MB,1488,160455,2404,2:40.46
./run_simd,pattern/exnet/608.txt,text/dblp/dblp.xml.10MB,1583,159887,2500,2:39.89
./run_simd,pattern/exnet/640.txt,text/dblp/dblp.xml.10MB,1564,163177,2460,2:43.18
./run_simd,pattern/exnet/672.txt,text/dblp/dblp.xml.10MB,1432,163969,2560,2:43.97
./run_simd,pattern/exnet/704.txt,text/dblp/dblp.xml.10MB,1465,169778,2504,2:49.78
./run_simd,pattern/exnet/736.txt,text/dblp/dblp.xml.10MB,1862,166282,2628,2:46.28
./run_simd,pattern/exnet/768.txt,text/dblp/dblp.xml.10MB,1627,170769,2548,2:50.77
./run_simd,pattern/exnet/800.txt,text/dblp/dblp.xml.10MB,2011,170136,2680,2:50.14
./run_simd,pattern/exnet/832.txt,text/dblp/dblp.xml.10MB,2023,176446,2616,2:56.45
./run_simd,pattern/exnet/864.txt,text/dblp/dblp.xml.10MB,2056,176106,2640,2:56.11
./run_simd,pattern/exnet/896.txt,text/dblp/dblp.xml.10MB,2158,180456,2656,3:00.46
./run_simd,pattern/exnet/928.txt,text/dblp/dblp.xml.10MB,2476,180087,2804,3:00.09
./run_simd,pattern/exnet/960.txt,text/dblp/dblp.xml.10MB,2010,182748,2836,3:02.75
./run_simd,pattern/exnet/992.txt,text/dblp/dblp.xml.10MB,2033,183652,2856,3:03.65
./run_simd,pattern/exnet/1024.txt,text/dblp/dblp.xml.10MB,2941,237844,3092,3:57.85
./run_simd,pattern/ext/32.txt,text/dblp/dblp.xml.10MB,835,22258,2268,0:22.26
./run_simd,pattern/ext/64.txt,text/dblp/dblp.xml.10MB,1545,22369,2644,0:22.37
./run_simd,pattern/ext/96.txt,text/dblp/dblp.xml.10MB,2275,22796,3048,0:22.80
./run_simd,pattern/ext/128.txt,text/dblp/dblp.xml.10MB,2538,22575,3448,0:22.58
./run_simd,pattern/ext/160.txt,text/dblp/dblp.xml.10MB,3019,23625,3816,0:23.63
./run_simd,pattern/ext/192.txt,text/dblp/dblp.xml.10MB,3592,23507,4208,0:23.51
./run_simd,pattern/ext/224.txt,text/dblp/dblp.xml.10MB,4326,24087,4612,0:24.09
./run_simd,pattern/ext/256.txt,text/dblp/dblp.xml.10MB,5668,24183,5012,0:24.19
./run_simd,pattern/ext/288.txt,text/dblp/dblp.xml.10MB,7032,24597,5424,0:24.60
./run_simd,pattern/ext/320.txt,text/dblp/dblp.xml.10MB,6290,24392,5808,0:24.40
./run_simd,pattern/ext/352.txt,text/dblp/dblp.xml.10MB,6918,24952,6188,0:24.96
./run_simd,pattern/ext/384.txt,text/dblp/dblp.xml.10MB,7640,24935,6572,0:24.94
./run_simd,pattern/ext/416.txt,text/dblp/dblp.xml.10MB,8245,25361,6952,0:25.37
./run_simd,pattern/ext/448.txt,text/dblp/dblp.xml.10MB,8726,25631,7340,0:25.64
./run_simd,pattern/ext/480.txt,text/dblp/dblp.xml.10MB,10530,25829,7740,0:25.84
./run_simd,pattern/ext/512.txt,text/dblp/dblp.xml.10MB,9979,25794,8128,0:25.80
./run_simd,pattern/ext/544.txt,text/dblp/dblp.xml.10MB,10550,26224,8532,0:26.24
./run_simd,pattern/ext/576.txt,text/dblp/dblp.xml.10MB,12218,26506,8928,0:26.52
./run_simd,pattern/ext/608.txt,text/dblp/dblp.xml.10MB,12989,26741,9312,0:26.75
./run_simd,pattern/ext/640.txt,text/dblp/dblp.xml.10MB,12379,26948,9672,0:26.96
./run_simd,pattern/ext/672.txt,text/dblp/dblp.xml.10MB,13149,27391,10096,0:27.40
./run_simd,pattern/ext/704.txt,text/dblp/dblp.xml.10MB,14109,27552,10460,0:27.57
./run_simd,pattern/ext/736.txt,text/dblp/dblp.xml.10MB,14514,27822,10856,0:27.84
./run_simd,pattern/ext/768.txt,text/dblp/dblp.xml.10MB,14871,27638,11240,0:27.65
./run_simd,pattern/ext/800.txt,text/dblp/dblp.xml.10MB,15809,28398,11648,0:28.42
./run_simd,pattern/ext/832.txt,text/dblp/dblp.xml.10MB,16197,28520,12028,0:28.54
./run_simd,pattern/ext/864.txt,text/dblp/dblp.xml.10MB,16751,29204,12412,0:29.22
./run_simd,pattern/ext/896.txt,text/dblp/dblp.xml.10MB,17381,28875,12796,0:28.89
./run_simd,pattern/ext/928.txt,text/dblp/dblp.xml.10MB,18236,29698,13192,0:29.72
./run_simd,pattern/ext/960.txt,text/dblp/dblp.xml.10MB,19464,29315,13592,0:29.34
./run_simd,pattern/ext/992.txt,text/dblp/dblp.xml.10MB,19183,29706,13972,0:29.73
./run_simd,pattern/ext/1024.txt,text/dblp/dblp.xml.10MB,19781,81960,17416,1:21.98
./run_simd,pattern/reg/32.txt,text/dblp/dblp.xml.10MB,370,104137,2028,1:44.14
./run_simd,pattern/reg/64.txt,text/dblp/dblp.xml.10MB,550,103475,2096,1:43.48
./run_simd,pattern/reg/96.txt,text/dblp/dblp.xml.10MB,571,107297,2132,1:47.30
./run_simd,pattern/reg/128.txt,text/dblp/dblp.xml.10MB,652,106963,2188,1:46.96
./run_simd,pattern/reg/160.txt,text/dblp/dblp.xml.10MB,806,111463,2252,1:51.46
./run_simd,pattern/reg/192.txt,text/dblp/dblp.xml.10MB,775,113087,2300,1:53.09
./run_simd,pattern/reg/224.txt,text/dblp/dblp.xml.10MB,847,116308,2344,1:56.31
./run_simd,pattern/reg/256.txt,text/dblp/dblp.xml.10MB,1085,115116,2408,1:55.12
./run_simd,pattern/reg/288.txt,text/dblp/dblp.xml.10MB,1041,118779,2452,1:58.78
./run_simd,pattern/reg/320.txt,text/dblp/dblp.xml.10MB,1307,118889,2524,1:58.89
./run_simd,pattern/reg/352.txt,text/dblp/dblp.xml.10MB,1376,122153,2468,2:02.15
./run_simd,pattern/reg/384.txt,text/dblp/dblp.xml.10MB,1585,122203,2620,2:02.21
./run_simd,pattern/reg/416.txt,text/dblp/dblp.xml.10MB,1684,125746,2680,2:05.75
./run_simd,pattern/reg/448.txt,text/dblp/dblp.xml.10MB,1683,127378,2628,2:07.38
./run_simd,pattern/reg/480.txt,text/dblp/dblp.xml.10MB,1570,130152,2772,2:10.15
./run_simd,pattern/reg/512.txt,text/dblp/dblp.xml.10MB,1912,128769,2832,2:08.77
./run_simd,pattern/reg/544.txt,text/dblp/dblp.xml.10MB,2008,130373,2744,2:10.38
./run_simd,pattern/reg/576.txt,text/dblp/dblp.xml.10MB,2160,134044,2940,2:14.05
./run_simd,pattern/reg/608.txt,text/dblp/dblp.xml.10MB,2258,131237,2852,2:11.24
./run_simd,pattern/reg/640.txt,text/dblp/dblp.xml.10MB,2064,135282,3040,2:15.28
./run_simd,pattern/reg/672.txt,text/dblp/dblp.xml.10MB,2193,136082,3092,2:16.08
./run_simd,pattern/reg/704.txt,text/dblp/dblp.xml.10MB,2187,140274,2976,2:20.28
./run_simd,pattern/reg/736.txt,text/dblp/dblp.xml.10MB,2685,139313,3220,2:19.32
./run_simd,pattern/reg/768.txt,text/dblp/dblp.xml.10MB,2832,143243,3268,2:23.25
./run_simd,pattern/reg/800.txt,text/dblp/dblp.xml.10MB,2555,141914,3308,2:21.92
./run_simd,pattern/reg/832.txt,text/dblp/dblp.xml.10MB,2636,146270,3368,2:26.27
./run_simd,pattern/reg/864.txt,text/dblp/dblp.xml.10MB,2703,149072,3416,2:29.07
./run_simd,pattern/reg/896.txt,text/dblp/dblp.xml.10MB,3218,150399,3476,2:30.40
./run_simd,pattern/reg/928.txt,text/dblp/dblp.xml.10MB,2781,150400,3284,2:30.40
./run_simd,pattern/reg/960.txt,text/dblp/dblp.xml.10MB,2943,153664,3336,2:33.67
./run_simd,pattern/reg/992.txt,text/dblp/dblp.xml.10MB,4290,152109,3648,2:32.11
./run_simd,pattern/reg/1024.txt,text/dblp/dblp.xml.10MB,4489,155926,3948,2:35.93
./run,pattern/net/32.txt,text/dblp/dblp.xml.10MB,2000,92873,1936,1:32.88
./run,pattern/net/64.txt,text/dblp/dblp.xml.10MB,202,130356,1948,2:10.36
./run,pattern/net/96.txt,text/dblp/dblp.xml.10MB,208,132963,1944,2:12.96
./run,pattern/net/128.txt,text/dblp/dblp.xml.10MB,230,134123,1948,2:14.12
./run,pattern/net/160.txt,text/dblp/dblp.xml.10MB,258,138877,1972,2:18.88
./run,pattern/net/192.txt,text/dblp/dblp.xml.10MB,275,139357,1976,2:19.36
./run,pattern/net/224.txt,text/dblp/dblp.xml.10MB,340,143899,1976,2:23.90
./run,pattern/net/256.txt,text/dblp/dblp.xml.10MB,328,143081,1980,2:23.08
./run,pattern/net/288.txt,text/dblp/dblp.xml.10MB,362,146293,1992,2:26.29
./run,pattern/net/320.txt,text/dblp/dblp.xml.10MB,376,145667,1996,2:25.67
./run,pattern/net/352.txt,text/dblp/dblp.xml.10MB,407,149346,2000,2:29.35
./run,pattern/net/384.txt,text/dblp/dblp.xml.10MB,444,149453,2004,2:29.45
./run,pattern/net/416.txt,text/dblp/dblp.xml.10MB,444,153367,2016,2:33.37
./run,pattern/net/448.txt,text/dblp/dblp.xml.10MB,474,153282,2020,2:33.28
./run,pattern/net/480.txt,text/dblp/dblp.xml.10MB,490,156291,2020,2:36.29
./run,pattern/net/512.txt,text/dblp/dblp.xml.10MB,540,155345,2020,2:35.35
./run,pattern/net/544.txt,text/dblp/dblp.xml.10MB,540,156357,2024,2:36.36
./run,pattern/net/576.txt,text/dblp/dblp.xml.10MB,580,160185,2048,2:40.19
./run,pattern/net/608.txt,text/dblp/dblp.xml.10MB,679,158570,2048,2:38.57
./run,pattern/net/640.txt,text/dblp/dblp.xml.10MB,621,163084,2052,2:43.08
./run,pattern/net/672.txt,text/dblp/dblp.xml.10MB,645,163194,2052,2:43.19
./run,pattern/net/704.txt,text/dblp/dblp.xml.10MB,655,170134,2068,2:50.13
./run,pattern/net/736.txt,text/dblp/dblp.xml.10MB,729,168896,2072,2:48.90
./run,pattern/net/768.txt,text/dblp/dblp.xml.10MB,706,171008,2072,2:51.01
./run,pattern/net/800.txt,text/dblp/dblp.xml.10MB,731,169683,2076,2:49.68
./run,pattern/net/832.txt,text/dblp/dblp.xml.10MB,754,176090,2092,2:56.09
./run,pattern/net/864.txt,text/dblp/dblp.xml.10MB,781,174895,2092,2:54.90
./run,pattern/net/896.txt,text/dblp/dblp.xml.10MB,825,177523,2092,2:57.52
./run,pattern/net/928.txt,text/dblp/dblp.xml.10MB,820,179190,2096,2:59.19
./run,pattern/net/960.txt,text/dblp/dblp.xml.10MB,829,183353,2112,3:03.35
./run,pattern/net/992.txt,text/dblp/dblp.xml.10MB,840,184214,2108,3:04.21
./run,pattern/net/1024.txt,text/dblp/dblp.xml.10MB,955,192539,2140,3:12.54
./run,pattern/exnet/32.txt,text/dblp/dblp.xml.10MB,198,95222,1964,1:35.22
./run,pattern/exnet/64.txt,text/dblp/dblp.xml.10MB,267,130425,2004,2:10.42
./run,pattern/exnet/96.txt,text/dblp/dblp.xml.10MB,329,133108,2028,2:13.11
./run,pattern/exnet/128.txt,text/dblp/dblp.xml.10MB,407,132846,2056,2:12.85
./run,pattern/exnet/160.txt,text/dblp/dblp.xml.10MB,463,139413,2096,2:19.41
./run,pattern/exnet/192.txt,text/dblp/dblp.xml.10MB,516,140039,2120,2:20.04
./run,pattern/exnet/224.txt,text/dblp/dblp.xml.10MB,571,143567,2144,2:23.57
./run,pattern/exnet/256.txt,text/dblp/dblp.xml.10MB,619,142931,2144,2:22.93
./run,pattern/exnet/288.txt,text/dblp/dblp.xml.10MB,716,146915,2204,2:26.92
./run,pattern/exnet/320.txt,text/dblp/dblp.xml.10MB,740,146405,2192,2:26.40
./run,pattern/exnet/352.txt,text/dblp/dblp.xml.10MB,785,150471,2224,2:30.47
./run,pattern/exnet/384.txt,text/dblp/dblp.xml.10MB,864,149717,2240,2:29.72
./run,pattern/exnet/416.txt,text/dblp/dblp.xml.10MB,949,153635,2336,2:33.64
./run,pattern/exnet/448.txt,text/dblp/dblp.xml.10MB,987,152076,2356,2:32.08
./run,pattern/exnet/480.txt,text/dblp/dblp.xml.10MB,1067,155955,2384,2:35.96
./run,pattern/exnet/512.txt,text/dblp/dblp.xml.10MB,1114,156779,2348,2:36.78
./run,pattern/exnet/544.txt,text/dblp/dblp.xml.10MB,1154,156984,2368,2:36.98
./run,pattern/exnet/576.txt,text/dblp/dblp.xml.10MB,1245,161358,2400,2:41.36
./run,pattern/exnet/608.txt,text/dblp/dblp.xml.10MB,1306,160271,2504,2:40.27
./run,pattern/exnet/640.txt,text/dblp/dblp.xml.10MB,1560,164596,2564,2:44.60
./run,pattern/exnet/672.txt,text/dblp/dblp.xml.10MB,1458,166214,2560,2:46.21
./run,pattern/exnet/704.txt,text/dblp/dblp.xml.10MB,1470,167993,2504,2:47.99
./run,pattern/exnet/736.txt,text/dblp/dblp.xml.10MB,1493,169004,2524,2:49.01
./run,pattern/exnet/768.txt,text/dblp/dblp.xml.10MB,1590,172959,2548,2:52.96
./run,pattern/exnet/800.txt,text/dblp/dblp.xml.10MB,1640,171112,2680,2:51.11
./run,pattern/exnet/832.txt,text/dblp/dblp.xml.10MB,1745,173963,2708,2:53.96
./run,pattern/exnet/864.txt,text/dblp/dblp.xml.10MB,1725,174558,2636,2:54.56
./run,pattern/exnet/896.txt,text/dblp/dblp.xml.10MB,1802,179284,2656,2:59.29
./run,pattern/exnet/928.txt,text/dblp/dblp.xml.10MB,1827,179936,2684,2:59.94
./run,pattern/exnet/960.txt,text/dblp/dblp.xml.10MB,1943,183853,2832,3:03.85
./run,pattern/exnet/992.txt,text/dblp/dblp.xml.10MB,2033,184962,2860,3:04.96
./run,pattern/exnet/1024.txt,text/dblp/dblp.xml.10MB,2620,240901,3088,4:00.90
./run,pattern/ext/32.txt,text/dblp/dblp.xml.10MB,979,22376,2284,0:22.38
./run,pattern/ext/64.txt,text/dblp/dblp.xml.10MB,1216,22353,2648,0:22.35
./run,pattern/ext/96.txt,text/dblp/dblp.xml.10MB,1830,22648,3040,0:22.65
./run,pattern/ext/128.txt,text/dblp/dblp.xml.10MB,2447,22647,3428,0:22.65
./run,pattern/ext/160.txt,text/dblp/dblp.xml.10MB,2986,23696,3816,0:23.70
./run,pattern/ext/192.txt,text/dblp/dblp.xml.10MB,3990,23873,4236,0:23.88
./run,pattern/ext/224.txt,text/dblp/dblp.xml.10MB,4166,24212,4604,0:24.22
./run,pattern/ext/256.txt,text/dblp/dblp.xml.10MB,5039,24133,4984,0:24.14
./run,pattern/ext/288.txt,text/dblp/dblp.xml.10MB,5744,24675,5396,0:24.68
./run,pattern/ext/320.txt,text/dblp/dblp.xml.10MB,6297,24474,5800,0:24.48
./run,pattern/ext/352.txt,text/dblp/dblp.xml.10MB,6857,24958,6168,0:24.97
./run,pattern/ext/384.txt,text/dblp/dblp.xml.10MB,7497,25080,6572,0:25.09
./run,pattern/ext/416.txt,text/dblp/dblp.xml.10MB,8068,25347,6968,0:25.36
./run,pattern/ext/448.txt,text/dblp/dblp.xml.10MB,8805,25431,7336,0:25.44
./run,pattern/ext/480.txt,text/dblp/dblp.xml.10MB,9398,25979,7740,0:25.99
./run,pattern/ext/512.txt,text/dblp/dblp.xml.10MB,10206,25810,8136,0:25.82
./run,pattern/ext/544.txt,text/dblp/dblp.xml.10MB,10874,26488,8560,0:26.50
./run,pattern/ext/576.txt,text/dblp/dblp.xml.10MB,11605,26490,8912,0:26.50
./run,pattern/ext/608.txt,text/dblp/dblp.xml.10MB,12199,27033,9308,0:27.05
./run,pattern/ext/640.txt,text/dblp/dblp.xml.10MB,12301,26957,9688,0:26.97
./run,pattern/ext/672.txt,text/dblp/dblp.xml.10MB,13161,27370,10092,0:27.38
./run,pattern/ext/704.txt,text/dblp/dblp.xml.10MB,13827,27631,10472,0:27.65
./run,pattern/ext/736.txt,text/dblp/dblp.xml.10MB,14295,27832,10852,0:27.85
./run,pattern/ext/768.txt,text/dblp/dblp.xml.10MB,15183,28232,11256,0:28.25
./run,pattern/ext/800.txt,text/dblp/dblp.xml.10MB,15739,28548,11620,0:28.56
./run,pattern/ext/832.txt,text/dblp/dblp.xml.10MB,16322,28567,12024,0:28.58
./run,pattern/ext/864.txt,text/dblp/dblp.xml.10MB,17320,28988,12412,0:29.01
./run,pattern/ext/896.txt,text/dblp/dblp.xml.10MB,17374,28946,12796,0:28.96
./run,pattern/ext/928.txt,text/dblp/dblp.xml.10MB,17913,29761,13184,0:29.78
./run,pattern/ext/960.txt,text/dblp/dblp.xml.10MB,18852,29701,13556,0:29.72
./run,pattern/ext/992.txt,text/dblp/dblp.xml.10MB,19332,30090,13956,0:30.11
./run,pattern/ext/1024.txt,text/dblp/dblp.xml.10MB,19193,83003,17412,1:23.02
./run,pattern/reg/32.txt,text/dblp/dblp.xml.10MB,264,104280,2048,1:44.28
./run,pattern/reg/64.txt,text/dblp/dblp.xml.10MB,345,104369,2080,1:44.37
./run,pattern/reg/96.txt,text/dblp/dblp.xml.10MB,463,107353,2132,1:47.35
./run,pattern/reg/128.txt,text/dblp/dblp.xml.10MB,540,106986,2188,1:46.99
./run,pattern/reg/160.txt,text/dblp/dblp.xml.10MB,646,111962,2248,1:51.96
./run,pattern/reg/192.txt,text/dblp/dblp.xml.10MB,714,112930,2300,1:52.93
./run,pattern/reg/224.txt,text/dblp/dblp.xml.10MB,832,117210,2344,1:57.21
./run,pattern/reg/256.txt,text/dblp/dblp.xml.10MB,889,116075,2340,1:56.07
./run,pattern/reg/288.txt,text/dblp/dblp.xml.10MB,985,117851,2452,1:57.85
./run,pattern/reg/320.txt,text/dblp/dblp.xml.10MB,1066,118475,2428,1:58.48
./run,pattern/reg/352.txt,text/dblp/dblp.xml.10MB,1174,121719,2468,2:01.72
./run,pattern/reg/384.txt,text/dblp/dblp.xml.10MB,1229,122177,2516,2:02.18
./run,pattern/reg/416.txt,text/dblp/dblp.xml.10MB,1387,127329,2676,2:07.33
./run,pattern/reg/448.txt,text/dblp/dblp.xml.10MB,1664,127149,2660,2:07.15
./run,pattern/reg/480.txt,text/dblp/dblp.xml.10MB,1566,129543,2772,2:09.54
./run,pattern/reg/512.txt,text/dblp/dblp.xml.10MB,1584,130360,2700,2:10.36
./run,pattern/reg/544.txt,text/dblp/dblp.xml.10MB,1687,131485,2744,2:11.49
./run,pattern/reg/576.txt,text/dblp/dblp.xml.10MB,1800,132755,2784,2:12.76
./run,pattern/reg/608.txt,text/dblp/dblp.xml.10MB,1843,133387,2832,2:13.39
./run,pattern/reg/640.txt,text/dblp/dblp.xml.10MB,2010,136517,3040,2:16.52
./run,pattern/reg/672.txt,text/dblp/dblp.xml.10MB,2115,136453,3092,2:16.45
./run,pattern/reg/704.txt,text/dblp/dblp.xml.10MB,2169,140685,2984,2:20.69
./run,pattern/reg/736.txt,text/dblp/dblp.xml.10MB,2217,141618,3020,2:21.62
./run,pattern/reg/768.txt,text/dblp/dblp.xml.10MB,2294,143486,3060,2:23.49
./run,pattern/reg/800.txt,text/dblp/dblp.xml.10MB,2687,142238,3340,2:22.24
./run,pattern/reg/832.txt,text/dblp/dblp.xml.10MB,2577,162478,3368,2:42.48
./run,pattern/reg/864.txt,text/dblp/dblp.xml.10MB,2688,146505,3416,2:26.51
./run,pattern/reg/896.txt,text/dblp/dblp.xml.10MB,2653,150086,3248,2:30.09
./run,pattern/reg/928.txt,text/dblp/dblp.xml.10MB,2780,150959,3284,2:30.96
./run,pattern/reg/960.txt,text/dblp/dblp.xml.10MB,2959,155927,3472,2:35.93
./run,pattern/reg/992.txt,text/dblp/dblp.xml.10MB,3137,152483,3384,2:32.49
./run,pattern/reg/1024.txt,text/dblp/dblp.xml.10MB,4045,156698,3932,2:36.70
